segment,segment_value,rank_in_segment,orders,actual_late_rate,avg_predicted_risk,intervention_orders,intervention_rate,high_score_orders,high_score_rate,actual_late_rate_lift_vs_test,predicted_risk_lift_vs_test
category_name,Music,1,68,0.6323529411764706,0.5566761323529412,64,0.9411764705882353,27,0.39705882352941174,1.1532870573972163,1.0962919779362712
category_name,Baseball & Softball,2,98,0.6326530612244898,0.5372796326530612,60,0.6122448979591837,40,0.40816326530612246,1.153834417177661,1.0580934172558576
category_name,Lacrosse,3,54,0.6666666666666666,0.5334091666666667,48,0.8888888888888888,21,0.3888888888888889,1.215868525628073,1.0504711022954072
category_name,Cameras,4,99,0.5555555555555556,0.5312694747474748,83,0.8383838383838383,39,0.3939393939393939,1.0132237713567276,1.0462572929546865
category_name,Pet Supplies,5,74,0.5945945945945946,0.5264950675675676,72,0.972972972972973,27,0.36486486486486486,1.0844232796142275,1.0368547984223448
category_name,Women's Clothing,6,115,0.5565217391304348,0.5187284086956522,111,0.9652173913043478,39,0.3391304347826087,1.0149858996547392,1.0215595031477667
category_name,Accessories,7,263,0.55893536121673,0.517261174904943,246,0.935361216730038,89,0.33840304182509506,1.01938787034597,1.0186700014410695
category_name,Boxing & MMA,8,72,0.6805555555555556,0.5168133888888888,66,0.9166666666666666,26,0.3611111111111111,1.2411991199119912,1.017788152572936
category_name,DVDs,9,70,0.5142857142857142,0.5168042714285714,67,0.9571428571428572,23,0.32857142857142857,0.9379557197702276,1.017770197072378
category_name,Fishing,10,2505,0.5429141716566867,0.514272470259481,2355,0.9401197604790419,834,0.332934131736527,0.9901683801522032,1.0127841860866513
category_name,Cardio Equipment,11,1797,0.5431274346132443,0.5122667440178075,1655,0.9209794101279911,616,0.3427935447968837,0.9905573297270445,1.0088342024949555
category_name,Trade-In,12,143,0.5314685314685315,0.5119227692307692,131,0.916083916083916,51,0.35664335664335667,0.9692937896615407,1.0081567946131975
category_name,Women's Apparel,13,3128,0.5495524296675192,0.5113926703964194,2928,0.9360613810741688,1050,0.3356777493606138,1.0022752536227577,1.0071128427247724
category_name,Children's Clothing,14,105,0.5714285714285714,0.5110931333333334,100,0.9523809523809523,37,0.3523809523809524,1.0421730219669196,1.0065229484212967
category_name,Crafts,15,73,0.5068493150684932,0.5110269589041097,65,0.8904109589041096,25,0.3424657534246575,0.9243931941418911,1.0063926275907704
category_name,Shop By Sport,16,1671,0.5338120885697187,0.5103752118491921,1550,0.9275882704967086,575,0.3441053261520048,0.9735679756375594,1.0051091073778062
category_name,Indoor/Outdoor Games,17,2952,0.5535230352303523,0.5094777889566395,2754,0.9329268292682927,981,0.3323170731707317,1.0095168551200566,1.0033417646434173
category_name,Water Sports,18,2392,0.5484949832775919,0.5094581454849498,2245,0.9385451505016722,796,0.33277591973244147,1.0003466799481804,1.0033030797076337
category_name,Golf Gloves,19,186,0.5860215053763441,0.508678,164,0.8817204301075269,64,0.34408602150537637,1.0687876555924192,1.00176669762285
category_name,Toys,20,106,0.5660377358490566,0.5071028018867925,100,0.9433962264150944,39,0.36792452830188677,1.0323412010049677,0.9986645760214251
category_name,Electronics,21,451,0.5343680709534369,0.5054044722838138,420,0.9312638580931264,149,0.3303769401330377,0.9745819778593092,0.9953199650143616
category_name,Cleats,22,3621,0.5526097763048882,0.505377021264844,3385,0.9348246340789838,1210,0.3341618337475835,1.0078512509452255,0.995265904259582
category_name,Garden,23,82,0.573170731707317,0.5051139634146341,78,0.9512195121951219,25,0.3048780487804878,1.045350378741209,0.994747850414343
category_name,Camping & Hiking,24,2065,0.5418886198547216,0.5049131433414044,1945,0.9418886198547215,672,0.3254237288135593,0.9882979759160875,0.9943523647405459
category_name,Computers,25,61,0.6229508196721312,0.5047065573770492,58,0.9508196721311475,18,0.29508196721311475,1.1361394419803306,0.9939455239900371
category_name,Men's Footwear,26,3380,0.5426035502958579,0.5029723633136094,3112,0.9207100591715977,1133,0.335207100591716,0.9896018680481742,0.9905302831894339
category_name,Books,27,65,0.5846153846153846,0.5011499384615384,64,0.9846153846153847,19,0.2923076923076923,1.0662231686276948,0.9869412847941329
category_name,Sporting Goods,28,59,0.5254237288135594,0.4974340508474576,54,0.9152542372881356,18,0.3050847457627119,0.9582692617238203,0.9796233892612115
category_name,Girls' Apparel,29,185,0.5027027027027027,0.49166875135135135,171,0.9243243243243243,58,0.31351351351351353,0.9168305909465739,0.9682694776766313
category_name,Hunting & Shooting,30,72,0.625,0.4914324861111111,68,0.9444444444444444,20,0.2777777777777778,1.1398767427763186,0.967804187946235
category_name,Hockey,31,83,0.6024096385542169,0.4878866144578313,77,0.927710843373494,26,0.3132530120481928,1.0986763785795841,0.9608211139066647
category_name,Consumer Electronics,32,61,0.5245901639344263,0.4789510163934426,55,0.9016393442622951,21,0.3442622950819672,0.95674900377291,0.9432237643766126
category_name,Golf Balls,33,221,0.583710407239819,0.47002757466063344,197,0.8914027149321267,67,0.3031674208144796,1.0645726683666612,0.9256503549582651
category_name,Video Games,34,122,0.5245901639344263,0.46722961475409835,111,0.9098360655737705,34,0.2786885245901639,0.95674900377291,0.9201401833847928
category_name,Golf Shoes,35,88,0.5454545454545454,0.4541127386363636,69,0.7840909090909091,26,0.29545454545454547,0.9948015209684233,0.8943084201247516
category_name,Golf Apparel,36,66,0.5,0.4159749545454546,43,0.6515151515151515,15,0.22727272727272727,0.9119013942210548,0.8192016491942157
customer_segment,Home Office,1,4829,0.5415199834334231,0.5118936858562849,4495,0.9308345413129012,1650,0.3416856492027335,0.987625655783002,1.0080995191736997
customer_segment,Corporate,2,8167,0.5496510346516469,0.5081604209624097,7549,0.9243296191992164,2747,0.33635361821966453,1.0024550896677642,1.0007474016374809
customer_segment,Consumer,3,14082,0.5498508734554751,0.5061504452492543,13113,0.9311887515977844,4654,0.33049282772333477,1.002819556235425,0.9967890493351015
customer_state,TN,1,248,0.5725806451612904,0.5691014717741936,239,0.9637096774193549,95,0.38306451612903225,1.0442741772531434,1.1207618611214512
customer_state,SC,2,106,0.5849056603773585,0.5478369905660377,105,0.9905660377358491,31,0.29245283018867924,1.0667525743717998,1.0788845848945308
customer_state,WA,3,146,0.6232876712328768,0.5465908356164384,139,0.952054794520548,57,0.3904109589041096,1.1367537927961096,1.0764304655329966
customer_state,NC,4,281,0.5871886120996441,0.5444539964412811,262,0.9323843416370107,120,0.42704626334519574,1.0709162280887832,1.0722222742531526
customer_state,NM,5,145,0.6413793103448275,0.5323903724137931,139,0.9586206896551724,52,0.3586206896551724,1.1697493746559737,1.0484647364721196
customer_state,CT,6,161,0.5403726708074534,0.5307449937888199,150,0.9316770186335404,64,0.39751552795031053,0.9855331838165438,1.0452244046482966
customer_state,NV,7,228,0.5526315789473685,0.5297635394736842,220,0.9649122807017544,81,0.35526315789473684,1.0078910146653763,1.0432915743545916
customer_state,MD,8,377,0.5915119363395226,0.5226430875331565,358,0.9496021220159151,126,0.33421750663129973,1.0788011188928128,1.029268888832425
customer_state,CA,9,4333,0.5550426955919686,0.5224855836602815,4131,0.953381029309947,1482,0.342026309716132,1.0122884159250574,1.0289587080607134
customer_state,GA,10,370,0.5837837837837838,0.5224336081081081,354,0.9567567567567568,128,0.34594594594594597,1.0647064927121506,1.0288563498355536
customer_state,DC,11,98,0.5714285714285714,0.5201868673469388,78,0.7959183673469388,40,0.40816326530612246,1.0421730219669196,1.0244317235046896
customer_state,IN,12,90,0.5,0.5169332222222222,80,0.8888888888888888,31,0.34444444444444444,0.9119013942210548,1.018024146743312
customer_state,KY,13,85,0.611764705882353,0.5160656823529411,79,0.9294117647058824,32,0.3764705882352941,1.1157381764587024,1.0163156542393983
customer_state,MN,14,113,0.49557522123893805,0.5155653008849558,103,0.911504424778761,33,0.2920353982300885,0.9038314703783905,1.015330226344472
customer_state,OH,15,625,0.5472,0.515174912,583,0.9328,218,0.3488,0.9979848858355224,1.0145614127058422
customer_state,PA,16,546,0.5714285714285714,0.5113421721611722,471,0.8626373626373627,199,0.36446886446886445,1.0421730219669196,1.0070133938585752
customer_state,VA,17,271,0.5719557195571956,0.5104552693726938,239,0.8819188191881919,98,0.36162361623616235,1.0431344361938266,1.0052667689258545
customer_state,IL,18,1155,0.541991341991342,0.5088891264069264,1089,0.9428571428571428,381,0.32987012987012987,0.9884853208352906,1.0021824801089172
customer_state,MA,19,266,0.5864661654135338,0.5088213082706766,247,0.9285714285714286,92,0.3458646616541353,1.0695986278081544,1.0020489222385358
customer_state,PR,20,10333,0.5475660505177586,0.5068793312687506,9713,0.939998064453692,3467,0.33552695248233816,0.9986524897905212,0.9982244834224696
customer_state,UT,21,151,0.5364238410596026,0.5022590198675496,144,0.9536423841059603,45,0.2980132450331126,0.9783312971113303,0.9891254579203438
customer_state,WI,22,121,0.5537190082644629,0.5015227520661157,109,0.9008264462809917,42,0.34710743801652894,1.0098742712861268,0.9876754864963616
customer_state,OR,23,249,0.5341365461847389,0.5000661044176706,230,0.9236947791164659,82,0.3293172690763052,0.9741597223405645,0.9848068326438597
customer_state,TX,24,1396,0.5422636103151862,0.4988573452722063,1329,0.9520057306590258,434,0.3108882521489971,0.9889818845635221,0.9824263588325818
customer_state,AZ,25,484,0.5227272727272727,0.49631996280991736,437,0.9028925619834711,166,0.34297520661157027,0.953351457594739,0.97742935630868
customer_state,HI,26,170,0.5352941176470588,0.4907823470588235,159,0.9352941176470588,44,0.25882352941176473,0.9762709044013645,0.9665238344585556
customer_state,KS,27,73,0.4931506849315068,0.4889613835616438,67,0.9178082191780822,22,0.3013698630136986,0.8994095943002184,0.9629377139873312
customer_state,FL,28,823,0.5151883353584447,0.4877495540704739,777,0.9441069258809235,247,0.3001215066828676,0.9396019225995801,0.9605511935806078
customer_state,MO,29,199,0.5125628140703518,0.4875955125628141,155,0.7788944723618091,67,0.33668341708542715,0.9348134895532421,0.9602478314292562
customer_state,NY,30,1680,0.5404761904761904,0.48722894107142856,1477,0.8791666666666667,542,0.32261904761904764,0.9857219832770449,0.9595259226532369
customer_state,NJ,31,493,0.5152129817444219,0.48431184381338743,448,0.9087221095334685,151,0.30628803245436104,0.9396468727470503,0.9537811275434965
customer_state,MI,32,583,0.5197255574614065,0.477944922813036,547,0.9382504288164666,158,0.27101200686106347,0.947876920922743,0.9412424106645523
customer_state,LA,33,133,0.518796992481203,0.4777371729323308,121,0.9097744360902256,39,0.2932330827067669,0.9461834015225983,0.9408332777515392
customer_state,CO,34,285,0.5543859649122806,0.4583224280701754,157,0.5508771929824562,86,0.3017543859649123,1.011090668680187,0.9025987859006009
department_name,Pet Shop,1,74,0.5945945945945946,0.5264950675675676,72,0.972972972972973,27,0.36486486486486486,1.0844232796142275,1.0368547984223448
department_name,Footwear,2,2107,0.5457997152349312,0.5147100109159943,1941,0.9212149976269578,732,0.34741338395823446,0.9954310425763768,1.0136458582221697
department_name,Fitness,3,372,0.5994623655913979,0.5108451693548387,313,0.8413978494623656,129,0.3467741935483871,1.0933011339316947,1.0060346197421204
department_name,Golf,4,4984,0.5425361155698234,0.5103194163322632,4649,0.932784911717496,1683,0.33768057784911715,0.9894788804067945,1.0049992262924516
department_name,Fan Shop,5,10092,0.5479587792310742,0.5095755580657947,9467,0.9380697582243361,3342,0.33115338882282996,0.9993687495129674,1.0035343065611095
department_name,Technology,6,221,0.5656108597285068,0.5094967873303167,196,0.8868778280542986,78,0.35294117647058826,1.0315626631459895,1.003379179153301
department_name,Apparel,7,7353,0.5473956208350333,0.5043307795457637,6829,0.9287365701074392,2458,0.3342853257173943,0.9983416596599335,0.9932054846781605
department_name,Book Shop,8,65,0.5846153846153846,0.5011499384615384,64,0.9846153846153847,19,0.2923076923076923,1.0662231686276948,0.9869412847941329
department_name,Outdoors,9,1461,0.5612594113620808,0.4935353319644079,1301,0.890485968514716,469,0.3210130047912389,1.02362647948154,0.9719454343655161
department_name,Discs Shop,10,305,0.5409836065573771,0.49165117377049183,283,0.9278688524590164,94,0.3081967213114754,0.9866474101408135,0.9682348612097705
market,USCA,1,3864,0.5556418219461697,0.5172091891821946,3559,0.9210662525879917,1350,0.34937888198757766,1.0133811042404786,1.018567623186454
market,Europe,2,7558,0.5572902884360942,0.5158908700714475,7111,0.940857369674517,2592,0.3429478698068272,1.016387582021456,1.0159713870960663
market,Pacific Asia,3,6200,0.5432258064516129,0.5108125775806451,5890,0.95,2062,0.3325806451612903,0.9907367405601653,1.0059704350240797
market,Africa,4,1799,0.5403001667593107,0.5064901322957198,1678,0.9327404113396331,602,0.3346303501945525,0.9854009507313677,0.9974580131408154
market,LATAM,5,7657,0.5417265247485961,0.492866410474076,6919,0.9036176048060598,2445,0.31931565887423274,0.988002346409543,0.9706280916215035
order_country,Angola,1,54,0.5740740740740741,0.6201829259259258,54,1.0,27,0.5,1.0469978970686185,1.2213592913923768
order_country,Perú,2,123,0.5691056910569106,0.5860322113821138,118,0.959349593495935,57,0.4634146341463415,1.0379365462678671,1.15410446902928
order_country,Bangladés,3,64,0.5625,0.584116015625,59,0.921875,31,0.484375,1.0258890684986866,1.1503308025927472
order_country,Polonia,4,91,0.5384615384615384,0.5657443956043956,90,0.989010989010989,38,0.4175824175824176,0.9820476553149821,1.1141505920901842
order_country,Pakistán,5,120,0.575,0.5564485666666666,116,0.9666666666666667,45,0.375,1.0486866033542128,1.0958438207011802
order_country,Portugal,6,52,0.5576923076923077,0.5561425192307692,46,0.8846153846153846,23,0.4423076923076923,1.0171207858619458,1.0952411051735285
order_country,Corea del Sur,7,87,0.6206896551724138,0.5545121839080459,83,0.9540229885057471,33,0.3793103448275862,1.1320155238606198,1.092030398926625
order_country,Bélgica,8,106,0.5660377358490566,0.5507754245283019,98,0.9245283018867925,40,0.37735849056603776,1.0323412010049677,1.0846713995131307
order_country,Finlandia,9,51,0.5882352941176471,0.5503986078431373,50,0.9803921568627451,22,0.43137254901960786,1.0728251696718292,1.0839293143309399
order_country,Filipinas,10,292,0.5616438356164384,0.534750095890411,277,0.9486301369863014,111,0.3801369863013699,1.024327593508582,1.0531118656864253
order_country,India,11,758,0.5633245382585752,0.5318627308707125,726,0.9577836411609498,294,0.38786279683377306,1.0273928636738532,1.0474256238583628
order_country,Suecia,12,143,0.6083916083916084,0.5311156643356644,140,0.9790209790209791,50,0.34965034965034963,1.1095863118493954,1.0459543859127083
order_country,Malasia,13,76,0.5789473684210527,0.5296347105263157,73,0.9605263157894737,25,0.32894736842105265,1.0558858248875371,1.0430378646420357
order_country,Turquía,14,494,0.5222672064777328,0.5295746336032389,474,0.9595141700404858,168,0.340080971659919,0.9525123874859601,1.0429195519553578
order_country,Francia,15,1997,0.5483224837255883,0.5287544016024036,1898,0.9504256384576866,701,0.3510265398097146,1.0000320747842313,1.0413042253582543
order_country,Marruecos,16,164,0.573170731707317,0.5260943658536585,154,0.9390243902439024,62,0.3780487804878049,1.045350378741209,1.0360656751799902
order_country,Rusia,17,148,0.5405405405405406,0.5249590000000001,143,0.9662162162162162,54,0.36486486486486486,0.9858393451038431,1.0338297386900825
order_country,Ucrania,18,154,0.551948051948052,0.5225055519480519,148,0.961038961038961,52,0.33766233766233766,1.0066443962180476,1.028998032674117
order_country,Estados Unidos,19,3715,0.5604306864064603,0.52028439461642,3506,0.9437415881561239,1313,0.35343203230148046,1.0221150485966277,1.024623789154622
order_country,Indonesia,20,645,0.5410852713178295,0.5172635534883722,607,0.9410852713178295,226,0.35038759689922483,0.9868328266144127,1.0186746857121933
order_country,España,21,595,0.5781512605042017,0.5157050319327731,546,0.9176470588235294,210,0.35294117647058826,1.0544338810488836,1.0156054061445168
order_country,Irlanda,22,75,0.6133333333333333,0.5151213866666666,73,0.9733333333333334,23,0.30666666666666664,1.118599043577827,1.0144560024140417
order_country,El Salvador,23,536,0.5447761194029851,0.5132336623134328,517,0.9645522388059702,167,0.31156716417910446,0.9935642056438359,1.0107384062306777
order_country,Alemania,24,1400,0.5885714285714285,0.5118362185714286,1322,0.9442857142857143,459,0.32785714285714285,1.0734382126259272,1.0079863457866614
order_country,Italia,25,766,0.556135770234987,0.5103660496083551,720,0.9399477806788512,262,0.34203655352480417,1.0142819685069695,1.0050910636885841
order_country,Reino Unido,26,1095,0.5406392694063927,0.508282305936073,1014,0.9260273972602739,383,0.3497716894977169,0.9860194070846839,1.0009874362125097
order_country,República Democrática del Congo,27,142,0.5704225352112676,0.5074981056338028,137,0.9647887323943662,39,0.2746478873239437,1.0403382103085272,0.9994430687598579
order_country,Japón,28,123,0.5609756097560976,0.5068573333333334,119,0.967479674796748,38,0.3089430894308943,1.0231088813211835,0.9981811617157761
order_country,Irán,29,214,0.5514018691588785,0.505733285046729,203,0.9485981308411215,68,0.3177570093457944,1.0056482665241537,0.9959675135138875
order_country,Austria,30,183,0.5519125683060109,0.5019067486338797,171,0.9344262295081968,55,0.3005464480874317,1.006579681052749,0.9884317114040388
order_country,Egipto,31,200,0.57,0.501295595,188,0.94,60,0.3,1.0395675894120024,0.9872281339787287
order_country,Nigeria,32,357,0.5406162464985994,0.5011964537815126,323,0.9047619047619048,128,0.3585434173669468,0.9859774178412525,0.9870328898929958
order_country,China,33,897,0.5429208472686734,0.49964958974358975,856,0.9542920847268673,277,0.3088071348940914,0.9901805551519592,0.9839865680962177
order_country,Países Bajos,34,294,0.54421768707483,0.49938962585034014,270,0.9183673469387755,105,0.35714285714285715,0.9925457352065903,0.9834746073453264
order_country,Irak,35,139,0.4316546762589928,0.4992383021582734,131,0.9424460431654677,44,0.31654676258992803,0.7872530022052271,0.9831765975330802
order_country,Chile,36,119,0.5630252100840336,0.4984456974789916,113,0.9495798319327731,32,0.2689075630252101,1.026846948114465,0.9816156788928312
order_country,Nicaragua,37,493,0.5760649087221096,0.4978998012170386,422,0.8559837728194726,172,0.3488843813387424,1.0506287868510327,0.980540616288234
order_country,Guatemala,38,403,0.5632754342431762,0.4973610421836228,374,0.9280397022332506,132,0.32754342431761785,1.0273033076336449,0.979479609408205
order_country,Rumania,39,58,0.5862068965517241,0.4966337413793103,55,0.9482758620689655,20,0.3448275862068966,1.0691257725350296,0.9780472971695893
order_country,Tailandia,40,133,0.5789473684210527,0.4963660902255639,118,0.8872180451127819,43,0.3233082706766917,1.0558858248875371,0.9775201974868754
order_country,Australia,41,1256,0.535828025477707,0.494141502388535,1198,0.9538216560509554,379,0.3017515923566879,0.9772446469916718,0.9731391980902583
order_country,Brasil,42,1199,0.5571309424520434,0.4920377848206839,1106,0.9224353628023353,385,0.3211009174311927,1.0160969663714172,0.9689962349570436
order_country,Venezuela,43,147,0.5306122448979592,0.49176698639455785,140,0.9523809523809523,45,0.30612244897959184,0.9677320918264255,0.968462937183085
order_country,SudAfrica,44,157,0.5031847133757962,0.49122342038216565,148,0.9426751592356688,46,0.2929936305732484,0.9177096833562207,0.9673924636631487
order_country,Arabia Saudí,45,140,0.55,0.4900652928571428,131,0.9357142857142857,43,0.30714285714285716,1.0030915336431603,0.9651117014006402
order_country,México,46,1937,0.535880227155395,0.4894916763035622,1770,0.9137842023748064,612,0.31595250387196694,0.9773398525570004,0.9639820477482663
order_country,Vietnam,47,105,0.5238095238095238,0.48731368571428574,96,0.9142857142857143,30,0.2857142857142857,0.9553252701363432,0.9596928147952526
order_country,República Dominicana,48,525,0.5276190476190477,0.4869038647619047,483,0.92,162,0.30857142857142855,0.9622730902827893,0.9588857325505253
order_country,Argentina,49,274,0.49635036496350365,0.4867198175182482,245,0.8941605839416058,85,0.3102189781021898,0.9052451796646968,0.9585232785039883
order_country,Honduras,50,574,0.524390243902439,0.48420817770034846,529,0.921602787456446,166,0.289198606271777,0.9563843890611062,0.9535769723417491
order_country,Panamá,51,299,0.5150501672240803,0.48404368561872907,254,0.8494983277591973,95,0.3177257525083612,0.9393499311708524,0.9532530293180899
order_country,Nueva Zelanda,52,249,0.5582329317269076,0.480237718875502,235,0.9437751004016064,75,0.30120481927710846,1.0181067774837478,0.9457577361549788
order_country,Haití,53,67,0.5671641791044776,0.47375338805970146,64,0.9552238805970149,19,0.2835820895522388,1.0343956113552262,0.9329877978686001
order_country,Cuba,54,506,0.5237154150197628,0.47266791304347827,369,0.7292490118577075,165,0.32608695652173914,0.9551536342631601,0.9308501140640045
order_country,Myanmar (Birmania),55,71,0.5211267605633803,0.4684754084507043,67,0.9436619718309859,19,0.2676056338028169,0.9504324390472965,0.9225935913115525
order_country,Colombia,56,246,0.5365853658536586,0.46688709349593494,223,0.9065040650406504,70,0.2845528455284553,0.978625886481132,0.9194656380149203
order_country,Suiza,57,65,0.4,0.46261383076923074,55,0.8461538461538461,20,0.3076923076923077,0.7295211153768438,0.9110500739649608
order_country,Singapur,58,67,0.43283582089552236,0.4590944179104478,65,0.9701492537313433,14,0.208955223880597,0.7894071770868832,0.9041191066396305
order_country,Argelia,59,77,0.4935064935064935,0.45061989610389613,65,0.8441558441558441,22,0.2857142857142857,0.9000585189714306,0.8874297791592164
order_country,Canada,60,149,0.436241610738255,0.4405354429530201,53,0.35570469798657717,37,0.2483221476510067,0.7956186660989069,0.8675699280740792
order_region,Central Asia,1,74,0.5945945945945946,0.5436441216216216,72,0.972972972972973,29,0.3918918918918919,1.0844232796142275,1.07062734460497
order_region,South Asia,2,1191,0.5617128463476071,0.5332896809403862,1138,0.9554995801847187,452,0.3795130142737196,1.02445345547252,1.0502357926861277
order_region,US Center,3,860,0.5558139534883721,0.5327169825581395,804,0.9348837209302325,338,0.3930232558139535,1.0136950382271261,1.0491079472374996
order_region,East of USA,4,1024,0.580078125,0.5308474306640625,980,0.95703125,358,0.349609375,1.0579481018892707,1.0454261390465338
order_region,South of USA,5,605,0.5884297520661157,0.5280585752066116,571,0.943801652892562,219,0.36198347107438017,1.073179822620481,1.0399338973499046
order_region,Central Africa,6,241,0.5518672199170125,0.523472979253112,230,0.9543568464730291,78,0.3236514522821577,1.0064969745344423,1.030903238829249
order_region,Western Europe,7,4045,0.5601977750309024,0.5190642336217552,3814,0.9428924598269468,1380,0.3411619283065513,1.0216902641804253,1.0222208610740022
order_region,East Africa,8,306,0.5588235294117647,0.5168979379084968,298,0.9738562091503268,102,0.3333333333333333,1.0191839111882377,1.0179546594636604
order_region,Southern Europe,9,1450,0.5662068965517242,0.5159282868965517,1345,0.9275862068965517,512,0.35310344827586204,1.0326497167661877,1.0160450740440377
order_region,Eastern Europe,10,588,0.5476190476190477,0.5145312925170068,568,0.9659863945578231,199,0.33843537414965985,0.9987491460516316,1.0132938985534632
order_region,Southeast Asia,11,1407,0.5444207533759773,0.5131525692963753,1320,0.9381663113006397,477,0.3390191897654584,0.9929160880928614,1.0105787054299786
order_region,West Asia,12,873,0.5097365406643757,0.5105979656357389,828,0.9484536082474226,282,0.3230240549828179,0.9296589242345231,1.0055477882822919
order_region,Northern Europe,13,1475,0.5444067796610169,0.5076935288135593,1384,0.9383050847457627,501,0.3396610169491525,0.9928906027925518,0.9998279260436871
order_region,Eastern Asia,14,1141,0.5477651183172656,0.5064130622261175,1090,0.9553023663453112,363,0.31814198071866784,0.9990155501983511,0.9973062349449605
order_region,West Africa,15,575,0.5269565217391304,0.5039389130434783,521,0.9060869565217391,206,0.3582608695652174,0.9610647737355812,0.9924337610889676
order_region,North Africa,16,505,0.5485148514851486,0.5023116396039604,467,0.9247524752475248,168,0.3326732673267327,1.0003829156405235,0.989229084771857
order_region,West of USA,17,1226,0.533442088091354,0.4989043344208809,1151,0.9388254486133768,398,0.32463295269168024,0.9728931677333928,0.9825188970675592
order_region,South America,18,2218,0.548692515779982,0.49782946122633004,2047,0.9229035166816952,719,0.324165915238954,1.0007069402768474,0.9804020919954536
order_region,Central America,19,4249,0.5420098846787479,0.4937336632148741,3873,0.911508590256531,1350,0.31772181689809365,0.9885191390402867,0.9723360186679921
order_region,Oceania,20,1514,0.5409511228533685,0.49279082760898285,1442,0.952443857331572,459,0.30317040951122853,0.9865881662708638,0.9704792422567557
order_region,Southern Africa,21,172,0.5116279069767442,0.4849752209302326,162,0.9418604651162791,48,0.27906976744186046,0.9331084033889864,0.9550875514572897
order_region,Caribbean,22,1190,0.5277310924369748,0.4805193487394958,999,0.8394957983193277,376,0.31596638655462184,0.9624774379341553,0.9463123648568394
order_region,Canada,23,149,0.436241610738255,0.4405354429530201,53,0.35570469798657717,37,0.2483221476510067,0.7956186660989069,0.8675699280740792
order_state,Andalucía,1,78,0.6538461538461539,0.6027869743589743,71,0.9102564102564102,39,0.5,1.192486438596764,1.1871005167781177
order_state,Sicilia,2,65,0.5846153846153846,0.5967722153846153,63,0.9692307692307692,29,0.4461538461538462,1.0662231686276948,1.1752553313469785
order_state,Rajastán,3,53,0.5660377358490566,0.5960890188679245,51,0.9622641509433962,27,0.5094339622641509,1.0323412010049677,1.1739098760327074
order_state,Lima (ciudad),4,75,0.5466666666666666,0.5782376,73,0.9733333333333334,32,0.4266666666666667,0.9970121910150198,1.1387541253865168
order_state,Massachusetts,5,55,0.6727272727272727,0.5722849272727273,54,0.9818181818181818,22,0.4,1.2269218758610556,1.1270312097109232
order_state,Estocolmo,6,106,0.6320754716981132,0.5696681981132076,103,0.9716981132075472,45,0.42452830188679247,1.1527810077888805,1.121877945507035
order_state,Baden-Wurtemberg,7,120,0.675,0.5694879,117,0.975,53,0.44166666666666665,1.231066882198424,1.1215228748229173
order_state,Gran Casablanca,8,54,0.6296296296296297,0.5608022777777778,52,0.9629629629629629,24,0.4444444444444444,1.1483202742042913,1.1044178160424016
order_state,Michigan,9,83,0.5542168674698795,0.5598216265060241,78,0.9397590361445783,37,0.4457831325301205,1.0107822682932173,1.1024865672248305
order_state,Cataluña,10,102,0.5980392156862745,0.5559110588235294,93,0.9117647058823529,44,0.43137254901960786,1.0907055891663595,1.0947852778568545
order_state,Georgia,11,83,0.6024096385542169,0.5529492409638554,79,0.9518072289156626,32,0.3855421686746988,1.0986763785795841,1.088952412082738
order_state,Pernambuco,12,53,0.4528301886792453,0.5517940566037736,52,0.9811320754716981,22,0.41509433962264153,0.8258729608039742,1.086677445951817
order_state,Holanda Septentrional,13,73,0.6164383561643836,0.5467700821917809,68,0.9315068493150684,33,0.4520547945205479,1.124261992875273,1.0767834653675503
order_state,Pensilvania,14,202,0.5544554455445545,0.5448237673267327,194,0.9603960396039604,76,0.37623762376237624,1.0112173876510708,1.0729504837664319
order_state,Capital Nacional,15,248,0.5725806451612904,0.5415044677419354,236,0.9516129032258065,98,0.3951612903225806,1.0442741772531434,1.0664136101774753
order_state,Texas,16,367,0.547683923705722,0.5411121144414168,342,0.9318801089918256,152,0.4141689373297003,0.9988674672394114,1.0656409279105759
order_state,Auckland,17,89,0.6179775280898876,0.5401515730337079,81,0.9101123595505618,39,0.43820224719101125,1.127069138924899,1.0637492825201116
order_state,Isla de Francia,18,693,0.5627705627705628,0.5398030331890332,668,0.963924963924964,241,0.3477633477633478,1.0263825216340876,1.0630628844270356
order_state,Java Oriental,19,84,0.5119047619047619,0.5386676309523809,74,0.8809523809523809,34,0.40476190476190477,0.9336133321786989,1.060826876286159
order_state,Ciudad Ho Chi Minh,20,62,0.5483870967741935,0.5385984677419354,58,0.9354838709677419,23,0.3709677419354839,1.0001499162424472,1.0606906694894724
order_state,Arizona,21,90,0.5333333333333333,0.5385561333333334,84,0.9333333333333333,34,0.37777777777777777,0.9726948205024584,1.0606072980822145
order_state,Tamaulipas,22,65,0.7230769230769231,0.5379765846153846,64,0.9846153846153847,22,0.3384615384615385,1.318749708565833,1.0594659619023696
order_state,Punyab,23,97,0.5670103092783505,0.5363334020618556,93,0.9587628865979382,34,0.35051546391752575,1.0341149831372787,1.0562299549190912
order_state,Lacio,24,130,0.6076923076923076,0.5353380076923077,126,0.9692307692307692,50,0.38461538461538464,1.108310925284051,1.0542696717332358
order_state,Indiana,25,57,0.631578947368421,0.5352129824561404,52,0.9122807017543859,23,0.40350877192982454,1.1518754453318587,1.054023452871884
order_state,Tennessee,26,60,0.6166666666666667,0.5349910999999999,56,0.9333333333333333,24,0.4,1.1246783862059677,1.053586487924809
order_state,Viena,27,136,0.5661764705882353,0.5341932647058824,129,0.9485294117647058,49,0.3602941176470588,1.0325942258091356,1.0520152683559754
order_state,Norte-Paso de Calais-Picardía,28,127,0.5590551181102362,0.5341722125984252,123,0.968503937007874,47,0.3700787401574803,1.0196062833022816,1.0519738093186954
order_state,Auvernia-Ródano-Alpes,29,163,0.44785276073619634,0.531965435582822,157,0.9631901840490797,55,0.3374233128834356,0.8167951138421718,1.047627885722018
order_state,Illinois,30,170,0.5647058823529412,0.5310012764705883,160,0.9411764705882353,67,0.3941176470588235,1.029912162884956,1.0457291157932116
order_state,Guanajuato,31,141,0.574468085106383,0.530271645390071,127,0.900709219858156,55,0.3900709219858156,1.0477164954880205,1.0442922144174633
order_state,Provenza-Alpes-Costa Azul,32,274,0.5948905109489051,0.5299930693430657,261,0.9525547445255474,102,0.3722627737226277,1.0849629726863643,1.0437435997601647
order_state,Heilongjiang,33,52,0.5769230769230769,0.5297270000000001,49,0.9423076923076923,19,0.36538461538461536,1.0521939164089094,1.0432196152215343
order_state,Tamil Nadu,34,65,0.6461538461538462,0.5272288461538461,63,0.9692307692307692,22,0.3384615384615385,1.1784571863779785,1.0382998677022481
order_state,Aquitania-Lemosín-Poitou-Charentes,35,139,0.49640287769784175,0.5270424676258993,131,0.9424460431654677,48,0.34532374100719426,0.9053409525360112,1.0379328225333022
order_state,Rio Grande do Sul,36,71,0.6056338028169014,0.5270004788732394,66,0.9295774647887324,29,0.4084507042253521,1.1045566183522635,1.0378501318447144
order_state,Kinshasa,37,66,0.5757575757575758,0.5268603333333334,63,0.9545454545454546,20,0.30303030303030304,1.0500682721333359,1.0375741357633068
order_state,Coahuila,38,82,0.6097560975609756,0.5265284512195122,76,0.926829268292683,27,0.32926829268292684,1.1120748710012862,1.0369205426274473
order_state,Alsacia-Champaña-Ardenas-Lorena,39,150,0.5266666666666666,0.52601064,141,0.94,57,0.38,0.9605361352461776,1.0359007893938441
order_state,Karnataka,40,63,0.5396825396825397,0.5249272698412698,61,0.9682539682539683,24,0.38095238095238093,0.9842745207465352,1.0337672507972973
order_state,Maharashtra,41,133,0.5263157894736842,0.5241999323308271,130,0.9774436090225563,49,0.3684210526315789,0.9598962044432156,1.0323348662713427
order_state,Piamonte,42,59,0.6440677966101694,0.5228952372881356,56,0.9491525423728814,21,0.3559322033898305,1.1746526434033926,1.0297654607843316
order_state,Países del Loira,43,60,0.5666666666666667,0.52289485,58,0.9666666666666667,21,0.35,1.033488246783862,1.029764698077164
order_state,Carolina del Norte,44,106,0.49056603773584906,0.5227587735849056,96,0.9056603773584906,43,0.4056603773584906,0.8946957075376386,1.0294967155401298
order_state,Languedoc-Rosellón-Mediodía-Pirineos,45,166,0.572289156626506,0.5214344759036145,156,0.9397590361445783,55,0.3313253012048193,1.043742559650605,1.0268887055321156
order_state,Ohio,46,174,0.5402298850574713,0.5201971781609195,162,0.9310344827586207,56,0.3218390804597701,0.9852727707675765,1.0244520291402217
order_state,Jiangsu,47,61,0.639344262295082,0.5189788524590163,58,0.9508196721311475,22,0.36065573770491804,1.166037848348234,1.0220527153994574
order_state,Toscana,48,75,0.56,0.5172583066666667,67,0.8933333333333333,26,0.3466666666666667,1.0213295615275815,1.0186643528665564
order_state,Gauteng,49,88,0.5454545454545454,0.516721409090909,83,0.9431818181818182,28,0.3181818181818182,0.9948015209684233,1.0176070118543081
order_state,Nueva York,50,410,0.5756097560975609,0.5162518853658536,390,0.9512195121951219,139,0.33902439024390246,1.0497986782252142,1.0166823537572323
order_state,San Salvador,51,437,0.551487414187643,0.515987647597254,420,0.9610983981693364,139,0.3180778032036613,1.005804283786152,1.0161619762358194
order_state,Hamburgo,52,86,0.686046511627907,0.5158042093023255,83,0.9651162790697675,31,0.36046511627906974,1.2512135409079588,1.0158007214244689
order_state,Santa Catarina,53,83,0.6506024096385542,0.5158039036144578,79,0.9518072289156626,27,0.3253012048192771,1.1865704888659507,1.015800119417058
order_state,Baja Sajonia,54,83,0.5903614457831325,0.515257108433735,80,0.963855421686747,28,0.3373493975903614,1.0767028510079923,1.0147232865238156
order_state,Normandía,55,76,0.5131578947368421,0.5144613684210526,72,0.9473684210526315,25,0.32894736842105265,0.9358987993321353,1.0131561933043896
order_state,León,56,50,0.54,0.514383,46,0.92,17,0.34,0.9848535057587392,1.0130018581958224
order_state,Guangdong,57,136,0.5367647058823529,0.5132367205882353,133,0.9779411764705882,43,0.3161764705882353,0.978952967325544,1.0107444290542504
order_state,Hesse,58,61,0.5573770491803278,0.5107937704918033,59,0.9672131147540983,18,0.29508196721311475,1.0165458165087167,1.0059333972216173
order_state,Jalisco,59,167,0.5988023952095808,0.5107446167664671,156,0.9341317365269461,59,0.3532934131736527,1.0920974781090476,1.0058365961704494
order_state,Berlín,60,148,0.6351351351351351,0.5100458851351352,134,0.9054054054054054,50,0.33783783783783783,1.1583612304970154,1.0044605467269037
order_state,Uttar Pradesh,61,97,0.5567010309278351,0.5099068762886597,89,0.9175257731958762,35,0.36082474226804123,1.0153128925347827,1.004186789196454
order_state,Florida,62,132,0.6590909090909091,0.5093220454545454,127,0.9621212121212122,41,0.3106060606060606,1.2020518378368448,1.003035050663711
order_state,Virginia,63,69,0.4782608695652174,0.5091650144927535,65,0.9420289855072463,22,0.3188405797101449,0.8722535075157916,1.002725801221001
order_state,Estambul,64,124,0.49193548387096775,0.5079515080645162,117,0.9435483870967742,38,0.3064516129032258,0.8971933072174894,1.0003359783327308
order_state,Queensland,65,321,0.5700934579439252,0.5076322180685358,306,0.9532710280373832,102,0.3177570093457944,1.0397380382707353,0.9997071835256873
order_state,Colorado,66,62,0.5483870967741935,0.5072040967741935,60,0.967741935483871,20,0.3225806451612903,1.0001499162424472,0.9988640614421389
order_state,Inglaterra,67,1008,0.5426587301587301,0.5063920386904762,936,0.9285714285714286,348,0.34523809523809523,0.9897025052359463,0.9972648321756807
order_state,Buenos Aires,68,130,0.5230769230769231,0.5039813461538462,119,0.9153846153846154,41,0.3153846153846154,0.9539891508774112,0.9925173268748736
order_state,Riad,69,58,0.5689655172413793,0.503267275862069,55,0.9482758620689655,19,0.3275862068965517,1.0376808968722349,0.9911110701897718
order_state,Baja California,70,100,0.6,0.50290072,91,0.91,37,0.37,1.0942816730652656,0.9903891921933986
order_state,Renania del Norte-Westfalia,71,484,0.5785123966942148,0.5027872417355372,453,0.9359504132231405,147,0.3037190082644628,1.0550925222392369,0.9901657133988707
order_state,Yucatán,72,52,0.6346153846153846,0.5026684423076924,46,0.8846153846153846,16,0.3076923076923077,1.1574133080498001,0.9899317553536798
order_state,Bavaria,73,141,0.5319148936170213,0.5021538156028368,137,0.9716312056737588,44,0.3120567375886525,0.9701078661926115,0.9889182735545226
order_state,Nueva Gales del Sur,74,331,0.513595166163142,0.5019471782477342,317,0.9577039274924471,106,0.3202416918429003,0.9366962961787271,0.9885113315974757
order_state,Holanda Meridional,75,72,0.5138888888888888,0.5015247500000001,69,0.9583333333333334,23,0.3194444444444444,0.9372319885049729,0.9876794211340486
order_state,Java Occidental,76,122,0.5819672131147541,0.501246286885246,119,0.9754098360655737,35,0.28688524590163933,1.061393426060572,0.9871310288802515
order_state,Dublín,77,59,0.576271186440678,0.5008317118644068,57,0.9661016949152542,17,0.288135593220339,1.0510049967293513,0.9863145841951206
order_state,Victoria,78,235,0.5574468085106383,0.5004050680851064,227,0.9659574468085106,75,0.3191489361702128,1.0166730437698568,0.9854743718606949
order_state,Emilia-Romaña,79,72,0.6388888888888888,0.5002261805555555,69,0.9583333333333334,25,0.3472222222222222,1.1652073370602365,0.9851220791141554
order_state,Bangkok,80,130,0.5846153846153846,0.4992298846153846,115,0.8846153846153846,43,0.33076923076923076,1.0662231686276948,0.9831600204172194
order_state,Guatemala,81,309,0.5339805825242718,0.4966543333333333,287,0.9288025889967637,99,0.32038834951456313,0.9738752753817089,0.9780878500021851
order_state,Liaoning,82,60,0.6,0.4955519666666667,55,0.9166666666666666,19,0.31666666666666665,1.0942816730652656,0.9759169005700569
order_state,Sichuan,83,52,0.4807692307692308,0.4947537692307692,52,1.0,13,0.25,0.8768282636740912,0.9743449678161142
order_state,Sumatra Septentrional,84,65,0.5230769230769231,0.4946662923076923,60,0.9230769230769231,20,0.3076923076923077,0.9539891508774112,0.974172694849033
order_state,Washington,85,207,0.5072463768115942,0.49458651207729465,195,0.9420289855072463,66,0.3188405797101449,0.9251173564561426,0.9740155793890739
order_state,São Paulo,86,320,0.603125,0.49294848125,295,0.921875,105,0.328125,1.0999810567791473,0.9707897179748524
order_state,Madrid,87,142,0.5985915492957746,0.4907573873239437,127,0.8943661971830986,41,0.2887323943661972,1.0917129367435163,0.9664746799223184
order_state,California,88,747,0.536813922356091,0.490681859437751,697,0.9330655957161981,232,0.31057563587684067,0.9790427284675849,0.9663259388304495
order_state,Apulia,89,59,0.5254237288135594,0.49022267796610164,55,0.9322033898305084,19,0.3220338983050847,0.9582692617238203,0.9654216482842418
order_state,Ontario,90,78,0.47435897435897434,0.49009016666666666,38,0.48717948717948717,24,0.3076923076923077,0.8651372201584365,0.9651606867194942
order_state,Santo Domingo,91,302,0.5364238410596026,0.4878679701986755,269,0.890728476821192,100,0.33112582781456956,0.9783312971113303,0.9607843967733817
order_state,Lagos,92,132,0.5454545454545454,0.48690781060606064,114,0.8636363636363636,44,0.3333333333333333,0.9948015209684233,0.9588935033117326
order_state,Marañón,93,59,0.576271186440678,0.4866883559322034,49,0.8305084745762712,22,0.3728813559322034,1.0510049967293513,0.9584613195257071
order_state,Managua,94,289,0.5916955017301038,0.4855402387543253,236,0.8166089965397924,97,0.3356401384083045,1.0791359059640162,0.9562002711733761
order_state,Territorio de la Capital Australiana,95,71,0.4507042253521127,0.4848631267605634,68,0.9577464788732394,21,0.29577464788732394,0.8219956229598241,0.9548667984344104
order_state,Panamá,96,254,0.5078740157480315,0.4835626929133858,216,0.8503937007874016,80,0.31496062992125984,0.9262620460985517,0.9523057847468436
order_state,Distrito Federal,97,379,0.5699208443271768,0.4829202269129288,331,0.8733509234828496,126,0.3324538258575198,1.0394232250751865,0.9510405422091031
order_state,Francisco Morazán,98,278,0.5431654676258992,0.4813592661870504,247,0.8884892086330936,83,0.29856115107913667,0.9906266944415774,0.9479664590533893
order_state,El Cairo,99,98,0.6224489795918368,0.4808237959183673,91,0.9285714285714286,26,0.2653061224489796,1.1352241846425377,0.9469119289130374
order_state,Río de Janeiro,100,60,0.48333333333333334,0.48014955,53,0.8833333333333333,18,0.3,0.881504681080353,0.9455841004891061
order_state,Ankara,101,61,0.4262295081967213,0.47975037704918033,59,0.9672131147540983,15,0.2459016393442623,0.7773585655654893,0.9447979879213856
order_state,Cortés,102,180,0.4666666666666667,0.4785909333333333,169,0.9388888888888889,49,0.2722222222222222,0.8511079679396512,0.9425146336141349
order_state,Australia Occidental,103,149,0.5704697986577181,0.478555966442953,139,0.9328859060402684,41,0.2751677852348993,1.040424409513955,0.9424457714531954
order_state,Escocia,104,66,0.4393939393939394,0.4761451666666667,58,0.8787878787878788,19,0.2878787878787879,0.8013678918912299,0.9376980549596174
order_state,Yakarta,105,158,0.5063291139240507,0.47593149367088605,145,0.9177215189873418,47,0.2974683544303797,0.9234444498441061,0.937277257340388
order_state,Nuevo León,106,96,0.46875,0.4752367395833333,91,0.9479166666666666,25,0.2604166666666667,0.8549075570822389,0.9359090410858072
order_state,Bretaña,107,53,0.5283018867924528,0.47486918867924527,44,0.8301886792452831,18,0.33962264150943394,0.9635184542713031,0.9351852035001507
order_state,Lombardía,108,111,0.42342342342342343,0.4737971081081081,103,0.9279279279279279,32,0.2882882882882883,0.7722408203313437,0.9330738980901788
order_state,México,109,121,0.4462809917355372,0.47339204132231405,111,0.9173553719008265,35,0.2892561983471074,0.8139285171559828,0.9322761784791054
order_state,Santiago de Chile,110,138,0.5217391304347826,0.4700178260869565,132,0.9565217391304348,34,0.2463768115942029,0.951549280926318,0.9256311565725303
order_state,Rangún,111,71,0.5211267605633803,0.4684754084507043,67,0.9436619718309859,19,0.2676056338028169,0.9504324390472965,0.9225935913115525
order_state,Chihuahua,112,119,0.46218487394957986,0.468015731092437,110,0.9243697478991597,32,0.2689075630252101,0.8429340618850086,0.9216883241893977
order_state,Puebla,113,108,0.5185185185185185,0.4658972685185185,97,0.8981481481481481,30,0.2777777777777778,0.9456755199329456,0.9175163229298349
order_state,Valenciana,114,64,0.59375,0.46006446875,58,0.90625,19,0.296875,1.0828829056375024,0.9060294794610706
order_state,Singapur,115,67,0.43283582089552236,0.4590944179104478,65,0.9701492537313433,14,0.208955223880597,0.7894071770868832,0.9041191066396305
order_state,Bagdad,116,61,0.36065573770491804,0.45606004918032783,58,0.9508196721311475,13,0.21311475409836064,0.6577649400938756,0.8981433625694283
order_state,Santiago de Cuba,117,121,0.512396694214876,0.4547982231404959,94,0.7768595041322314,31,0.256198347107438,0.9345105196976098,0.8956583812946396
order_state,Ouest,118,65,0.5230769230769231,0.45469976923076927,61,0.9384615384615385,16,0.24615384615384617,0.9539891508774112,0.8954644907626824
order_state,Bogotá,119,61,0.5245901639344263,0.454395,56,0.9180327868852459,15,0.2459016393442623,0.95674900377291,0.894864292472517
order_state,Shanghái,120,54,0.5555555555555556,0.4530309259259259,49,0.9074074074074074,14,0.25925925925925924,1.0132237713567276,0.8921779486941382
order_state,Bahía,121,106,0.5283018867924528,0.45284549056603773,96,0.9056603773584906,27,0.25471698113207547,0.9635184542713031,0.8918127609563204
order_state,Bremen,122,50,0.5,0.45119592,45,0.9,12,0.24,0.9119013942210548,0.8885641737195311
order_state,Ceará,123,50,0.48,0.44687804,48,0.96,9,0.18,0.8754253384522126,0.8800607424951972
order_state,Australia del Sur,124,91,0.45054945054945056,0.4437966813186813,86,0.945054945054945,19,0.2087912087912088,0.8217133442431482,0.873992458609564
order_state,Veracruz,125,70,0.4,0.4434225857142857,64,0.9142857142857143,16,0.22857142857142856,0.7295211153768438,0.8732557321967634
order_state,Campania,126,73,0.3835616438356164,0.443157397260274,65,0.8904109589041096,19,0.2602739726027397,0.6995407955668365,0.8727334824398975
order_state,Sinaloa,127,61,0.4262295081967213,0.4415616393442623,58,0.9508196721311475,14,0.22950819672131148,0.7773585655654893,0.8695908713229855
order_state,Minas Gerais,128,90,0.5222222222222223,0.4407958444444445,81,0.9,22,0.24444444444444444,0.952430345075324,0.8680827506103796
order_state,Shandong,129,59,0.3898305084745763,0.4382043050847458,54,0.9152542372881356,12,0.2033898305084746,0.7109739683757377,0.8629790940218797
order_state,Renania-Palatinado,130,61,0.5245901639344263,0.41798980327868857,55,0.9016393442622951,12,0.19672131147540983,0.95674900377291,0.8231695981947649
order_status,PAYMENT_REVIEW,1,288,0.6215277777777778,0.5460565486111111,265,0.9201388888888888,115,0.3993055555555556,1.133544094205339,1.0753782656562385
order_status,PENDING_PAYMENT,2,5957,0.5714285714285714,0.5376106090313917,5907,0.9916065133456438,2070,0.3474903474903475,1.0421730219669196,1.0587452266785402
order_status,COMPLETE,3,8924,0.577991931869117,0.532582656656208,8682,0.9728821156432094,3188,0.35723890632003585,1.0541432970399374,1.0488434120793384
order_status,CLOSED,4,2919,0.5772524837273039,0.528186188420692,2814,0.9640287769784173,1033,0.3538883179170949,1.0527946894569902,1.0401852128540985
order_status,PENDING,5,3124,0.5653008962868118,0.5240010358514724,3057,0.9785531370038413,1055,0.33770806658130603,1.0309973509567112,1.0319431688334904
order_status,PROCESSING,6,3276,0.5702075702075702,0.5159429407814408,3067,0.9362026862026862,1130,0.34493284493284493,1.0399461565353665,1.0160739327205928
order_status,ON_HOLD,7,1413,0.556970983722576,0.513962016985138,1365,0.9660297239915074,460,0.32554847841472045,1.015805233194579,1.0121727939065202
order_status,CANCELED,8,577,0.0,0.038447363951473135,0,0.0,0,0.0,0.0,0.07571644305036006
order_status,SUSPECTED_FRAUD,9,600,0.0,0.03286128666666666,0,0.0,0,0.0,0.0,0.06471548331892564
shipping_mode,First Class,1,4180,0.9519138755980862,0.9494156698564593,3979,0.9519138755980862,3979,0.9519138755980862,1.736103180672525,1.869734881916441
shipping_mode,Second Class,2,5315,0.7644402634054562,0.7297669634995296,5093,0.9582314205079963,5072,0.9542803386641581,1.3941882839962918,1.4371689773475143
shipping_mode,Same Day,3,1432,0.4657821229050279,0.39791046089385473,1371,0.9574022346368715,0,0.0,0.8494947345606753,0.7836262790197789
shipping_mode,Standard Class,4,16151,0.3800383877159309,0.3301724132251873,14714,0.911027180979506,0,0.0,0.6931150712313583,0.6502261313498184
